Issue Key,TraceIsFit,TraceFitness,MissingTokens,RemainingTokens,ConsumedTokens,ProducedTokens
W1NNR-1003,True,1.0,0,0,79,79
W1NNR-1004,True,1.0,0,0,80,80
W1NNR-1007,True,1.0,0,0,76,76
W1NNR-1008,True,1.0,0,0,82,82
W1NNR-1009,True,1.0,0,0,82,82
W1NNR-1014,True,1.0,0,0,79,79
W1NNR-1015,True,1.0,0,0,79,79
W1NNR-1017,True,1.0,0,0,82,82
W1NNR-1018,True,1.0,0,0,79,79
W1NNR-1019,True,1.0,0,0,79,79
W1NNR-1020,True,1.0,0,0,79,79
W1NNR-1021,True,1.0,0,0,79,79
W1NNR-1022,True,1.0,0,0,79,79
W1NNR-1023,True,1.0,0,0,79,79
W1NNR-1024,True,1.0,0,0,79,79
W1NNR-1025,True,1.0,0,0,79,79
W1NNR-1026,True,1.0,0,0,79,79
W1NNR-1027,True,1.0,0,0,79,79
W1NNR-1028,True,1.0,0,0,79,79
W1NNR-1029,True,1.0,0,0,79,79
W1NNR-1030,True,1.0,0,0,79,79
W1NNR-1031,True,1.0,0,0,53,53
W1NNR-1032,True,1.0,0,0,79,79
W1NNR-1033,True,1.0,0,0,79,79
W1NNR-1036,True,1.0,0,0,79,79
W1NNR-1040,True,1.0,0,0,81,81
W1NNR-1041,True,1.0,0,0,81,81
W1NNR-1043,True,1.0,0,0,53,53
W1NNR-1045,True,1.0,0,0,82,82
W1NNR-1046,True,1.0,0,0,82,82
W1NNR-105,True,1.0,0,0,44,44
W1NNR-1051,True,1.0,0,0,78,78
W1NNR-1055,True,1.0,0,0,79,79
W1NNR-1058,True,1.0,0,0,79,79
W1NNR-106,True,1.0,0,0,55,55
W1NNR-1061,True,1.0,0,0,79,79
W1NNR-1062,True,1.0,0,0,79,79
W1NNR-1064,True,1.0,0,0,16,16
W1NNR-1065,True,1.0,0,0,79,79
W1NNR-1066,True,1.0,0,0,79,79
W1NNR-1067,True,1.0,0,0,79,79
W1NNR-1068,True,1.0,0,0,55,55
W1NNR-1069,True,1.0,0,0,79,79
W1NNR-107,True,1.0,0,0,53,53
W1NNR-1070,True,1.0,0,0,79,79
W1NNR-1071,True,1.0,0,0,81,81
W1NNR-1072,True,1.0,0,0,81,81
W1NNR-1073,True,1.0,0,0,41,41
W1NNR-1074,True,1.0,0,0,81,81
W1NNR-1076,True,1.0,0,0,79,79
W1NNR-1077,True,1.0,0,0,79,79
W1NNR-1079,True,1.0,0,0,79,79
W1NNR-108,True,1.0,0,0,44,44
W1NNR-1080,True,1.0,0,0,79,79
W1NNR-1081,True,1.0,0,0,53,53
W1NNR-1082,True,1.0,0,0,75,75
W1NNR-1083,True,1.0,0,0,82,82
W1NNR-1085,True,1.0,0,0,79,79
W1NNR-1087,True,1.0,0,0,82,82
W1NNR-109,True,1.0,0,0,56,56
W1NNR-1090,True,1.0,0,0,80,80
W1NNR-1093,True,1.0,0,0,79,79
W1NNR-110,True,1.0,0,0,56,56
W1NNR-1102,True,1.0,0,0,96,96
W1NNR-1109,True,1.0,0,0,82,82
W1NNR-1110,True,1.0,0,0,79,79
W1NNR-1111,True,1.0,0,0,81,81
W1NNR-1117,True,1.0,0,0,79,79
W1NNR-1118,True,1.0,0,0,79,79
W1NNR-1119,True,1.0,0,0,79,79
W1NNR-1120,True,1.0,0,0,79,79
W1NNR-1121,True,1.0,0,0,79,79
W1NNR-1122,True,1.0,0,0,79,79
W1NNR-1123,True,1.0,0,0,79,79
W1NNR-1124,True,1.0,0,0,79,79
W1NNR-1125,True,1.0,0,0,79,79
W1NNR-1126,True,1.0,0,0,79,79
W1NNR-1127,True,1.0,0,0,79,79
W1NNR-1128,True,1.0,0,0,79,79
W1NNR-1129,True,1.0,0,0,79,79
W1NNR-1133,True,1.0,0,0,79,79
W1NNR-1134,True,1.0,0,0,79,79
W1NNR-1149,True,1.0,0,0,79,79
W1NNR-1150,True,1.0,0,0,79,79
W1NNR-1151,True,1.0,0,0,79,79
W1NNR-1155,True,1.0,0,0,82,82
W1NNR-1156,True,1.0,0,0,79,79
W1NNR-1157,True,1.0,0,0,79,79
W1NNR-1162,True,1.0,0,0,79,79
W1NNR-1163,True,1.0,0,0,79,79
W1NNR-1166,True,1.0,0,0,79,79
W1NNR-1167,True,1.0,0,0,79,79
W1NNR-1168,True,1.0,0,0,76,76
W1NNR-1169,True,1.0,0,0,79,79
W1NNR-1170,True,1.0,0,0,79,79
W1NNR-1171,True,1.0,0,0,79,79
W1NNR-1188,True,1.0,0,0,79,79
W1NNR-1189,True,1.0,0,0,79,79
W1NNR-1191,True,1.0,0,0,81,81
W1NNR-1192,True,1.0,0,0,79,79
W1NNR-1193,True,1.0,0,0,79,79
W1NNR-1194,True,1.0,0,0,79,79
W1NNR-1195,True,1.0,0,0,79,79
W1NNR-1199,True,1.0,0,0,79,79
W1NNR-12,True,1.0,0,0,55,55
W1NNR-1200,True,1.0,0,0,82,82
W1NNR-1201,True,1.0,0,0,82,82
W1NNR-1202,True,1.0,0,0,79,79
W1NNR-1208,True,1.0,0,0,82,82
W1NNR-1209,True,1.0,0,0,79,79
W1NNR-121,True,1.0,0,0,76,76
W1NNR-1214,True,1.0,0,0,79,79
W1NNR-1215,True,1.0,0,0,79,79
W1NNR-1226,True,1.0,0,0,82,82
W1NNR-1230,True,1.0,0,0,69,69
W1NNR-1231,True,1.0,0,0,79,79
W1NNR-1238,True,1.0,0,0,79,79
W1NNR-1239,True,1.0,0,0,79,79
W1NNR-124,True,1.0,0,0,76,76
W1NNR-1240,True,1.0,0,0,79,79
W1NNR-1241,True,1.0,0,0,53,53
W1NNR-1242,True,1.0,0,0,79,79
W1NNR-1246,True,1.0,0,0,79,79
W1NNR-1247,True,1.0,0,0,53,53
W1NNR-1248,True,1.0,0,0,79,79
W1NNR-1253,True,1.0,0,0,79,79
W1NNR-1254,True,1.0,0,0,79,79
W1NNR-1260,True,1.0,0,0,79,79
W1NNR-1262,True,1.0,0,0,79,79
W1NNR-1263,True,1.0,0,0,79,79
W1NNR-1264,True,1.0,0,0,79,79
W1NNR-1265,True,1.0,0,0,79,79
W1NNR-1266,True,1.0,0,0,79,79
W1NNR-1267,True,1.0,0,0,79,79
W1NNR-1268,True,1.0,0,0,79,79
W1NNR-1269,True,1.0,0,0,79,79
W1NNR-127,True,1.0,0,0,76,76
W1NNR-1270,True,1.0,0,0,79,79
W1NNR-1271,True,1.0,0,0,79,79
W1NNR-1272,True,1.0,0,0,79,79
W1NNR-1273,True,1.0,0,0,79,79
W1NNR-1274,True,1.0,0,0,79,79
W1NNR-1277,True,1.0,0,0,79,79
W1NNR-1279,True,1.0,0,0,79,79
W1NNR-1282,True,1.0,0,0,53,53
W1NNR-1284,True,1.0,0,0,79,79
W1NNR-1285,True,1.0,0,0,82,82
W1NNR-1286,True,1.0,0,0,82,82
W1NNR-1294,True,1.0,0,0,80,80
W1NNR-1295,True,1.0,0,0,80,80
W1NNR-1296,True,1.0,0,0,80,80
W1NNR-1297,True,1.0,0,0,80,80
W1NNR-1299,True,1.0,0,0,80,80
W1NNR-13,True,1.0,0,0,60,60
W1NNR-1303,True,1.0,0,0,82,82
W1NNR-1305,True,1.0,0,0,82,82
W1NNR-1307,True,1.0,0,0,82,82
W1NNR-1308,True,1.0,0,0,85,85
W1NNR-1312,True,1.0,0,0,79,79
W1NNR-1313,True,1.0,0,0,79,79
W1NNR-1314,True,1.0,0,0,79,79
W1NNR-1325,True,1.0,0,0,79,79
W1NNR-1326,True,1.0,0,0,79,79
W1NNR-1327,True,1.0,0,0,79,79
W1NNR-1328,True,1.0,0,0,79,79
W1NNR-1329,True,1.0,0,0,79,79
W1NNR-1333,True,1.0,0,0,79,79
W1NNR-1335,True,1.0,0,0,82,82
W1NNR-1337,True,1.0,0,0,82,82
W1NNR-1338,True,1.0,0,0,79,79
W1NNR-1339,True,1.0,0,0,79,79
W1NNR-1340,True,1.0,0,0,79,79
W1NNR-1341,True,1.0,0,0,79,79
W1NNR-1345,True,1.0,0,0,79,79
W1NNR-1346,True,1.0,0,0,79,79
W1NNR-1347,True,1.0,0,0,79,79
W1NNR-1351,True,1.0,0,0,79,79
W1NNR-1352,True,1.0,0,0,79,79
W1NNR-1353,True,1.0,0,0,82,82
W1NNR-1356,True,1.0,0,0,79,79
W1NNR-1357,True,1.0,0,0,79,79
W1NNR-1359,True,1.0,0,0,79,79
W1NNR-1360,True,1.0,0,0,79,79
W1NNR-1361,True,1.0,0,0,82,82
W1NNR-1362,True,1.0,0,0,79,79
W1NNR-1363,True,1.0,0,0,82,82
W1NNR-1364,True,1.0,0,0,79,79
W1NNR-1366,True,1.0,0,0,79,79
W1NNR-1367,True,1.0,0,0,82,82
W1NNR-1368,True,1.0,0,0,82,82
W1NNR-1369,True,1.0,0,0,82,82
W1NNR-1371,True,1.0,0,0,82,82
W1NNR-1372,True,1.0,0,0,79,79
W1NNR-1373,True,1.0,0,0,82,82
W1NNR-1374,True,1.0,0,0,79,79
W1NNR-1375,True,1.0,0,0,79,79
W1NNR-1390,True,1.0,0,0,79,79
W1NNR-1391,True,1.0,0,0,79,79
W1NNR-1396,True,1.0,0,0,80,80
W1NNR-14,True,1.0,0,0,58,58
W1NNR-1400,True,1.0,0,0,79,79
W1NNR-1401,True,1.0,0,0,79,79
W1NNR-1402,True,1.0,0,0,79,79
W1NNR-1403,True,1.0,0,0,79,79
W1NNR-1404,True,1.0,0,0,79,79
W1NNR-1406,True,1.0,0,0,76,76
W1NNR-1407,True,1.0,0,0,79,79
W1NNR-1408,True,1.0,0,0,78,78
W1NNR-1410,True,1.0,0,0,79,79
W1NNR-1412,True,1.0,0,0,79,79
W1NNR-1414,True,1.0,0,0,79,79
W1NNR-1415,True,1.0,0,0,79,79
W1NNR-1417,True,1.0,0,0,79,79
W1NNR-1418,True,1.0,0,0,53,53
W1NNR-1419,True,1.0,0,0,53,53
W1NNR-1424,True,1.0,0,0,79,79
W1NNR-1431,True,1.0,0,0,82,82
W1NNR-1433,True,1.0,0,0,79,79
W1NNR-1434,True,1.0,0,0,79,79
W1NNR-1436,True,1.0,0,0,53,53
W1NNR-1437,True,1.0,0,0,79,79
W1NNR-1438,True,1.0,0,0,79,79
W1NNR-1446,True,1.0,0,0,79,79
W1NNR-1461,True,1.0,0,0,53,53
W1NNR-1462,True,1.0,0,0,79,79
W1NNR-1465,True,1.0,0,0,82,82
W1NNR-1472,True,1.0,0,0,82,82
W1NNR-1473,True,1.0,0,0,82,82
W1NNR-1479,True,1.0,0,0,82,82
W1NNR-1499,True,1.0,0,0,94,94
W1NNR-15,True,1.0,0,0,58,58
W1NNR-1500,True,1.0,0,0,78,78
W1NNR-1508,True,1.0,0,0,82,82
W1NNR-1509,True,1.0,0,0,82,82
W1NNR-1511,True,1.0,0,0,82,82
W1NNR-1514,True,1.0,0,0,79,79
W1NNR-1515,True,1.0,0,0,79,79
W1NNR-1516,True,1.0,0,0,77,77
W1NNR-1517,True,1.0,0,0,79,79
W1NNR-1518,True,1.0,0,0,77,77
W1NNR-1522,True,1.0,0,0,82,82
W1NNR-1546,True,1.0,0,0,53,53
W1NNR-1550,True,1.0,0,0,77,77
W1NNR-1552,True,1.0,0,0,82,82
W1NNR-1555,True,1.0,0,0,79,79
W1NNR-1556,True,1.0,0,0,79,79
W1NNR-1557,True,1.0,0,0,79,79
W1NNR-1558,True,1.0,0,0,79,79
W1NNR-1559,True,1.0,0,0,79,79
W1NNR-1560,True,1.0,0,0,79,79
W1NNR-1561,True,1.0,0,0,79,79
W1NNR-1562,True,1.0,0,0,79,79
W1NNR-1563,True,1.0,0,0,79,79
W1NNR-1564,True,1.0,0,0,79,79
W1NNR-1565,True,1.0,0,0,79,79
W1NNR-1566,True,1.0,0,0,79,79
W1NNR-1567,True,1.0,0,0,79,79
W1NNR-1568,True,1.0,0,0,79,79
W1NNR-1569,True,1.0,0,0,79,79
W1NNR-1570,True,1.0,0,0,79,79
W1NNR-1571,True,1.0,0,0,79,79
W1NNR-1572,True,1.0,0,0,79,79
W1NNR-1573,True,1.0,0,0,79,79
W1NNR-1574,True,1.0,0,0,79,79
W1NNR-1575,True,1.0,0,0,79,79
W1NNR-1576,True,1.0,0,0,79,79
W1NNR-1577,True,1.0,0,0,79,79
W1NNR-1578,True,1.0,0,0,79,79
W1NNR-1579,True,1.0,0,0,79,79
W1NNR-1580,True,1.0,0,0,79,79
W1NNR-1581,True,1.0,0,0,79,79
W1NNR-1582,True,1.0,0,0,79,79
W1NNR-1583,True,1.0,0,0,79,79
W1NNR-1584,True,1.0,0,0,79,79
W1NNR-1585,True,1.0,0,0,79,79
W1NNR-1586,True,1.0,0,0,79,79
W1NNR-1587,True,1.0,0,0,79,79
W1NNR-1588,True,1.0,0,0,79,79
W1NNR-1589,True,1.0,0,0,79,79
W1NNR-1590,True,1.0,0,0,79,79
W1NNR-1591,True,1.0,0,0,79,79
W1NNR-1592,True,1.0,0,0,79,79
W1NNR-1593,True,1.0,0,0,79,79
W1NNR-1594,True,1.0,0,0,79,79
W1NNR-1595,True,1.0,0,0,79,79
W1NNR-1596,True,1.0,0,0,79,79
W1NNR-1597,True,1.0,0,0,79,79
W1NNR-1599,True,1.0,0,0,79,79
W1NNR-1600,True,1.0,0,0,79,79
W1NNR-1601,True,1.0,0,0,79,79
W1NNR-1602,True,1.0,0,0,79,79
W1NNR-1603,True,1.0,0,0,79,79
W1NNR-1604,True,1.0,0,0,79,79
W1NNR-1605,True,1.0,0,0,79,79
W1NNR-1606,True,1.0,0,0,79,79
W1NNR-1607,True,1.0,0,0,79,79
W1NNR-1608,True,1.0,0,0,79,79
W1NNR-1609,True,1.0,0,0,79,79
W1NNR-1610,True,1.0,0,0,79,79
W1NNR-1611,True,1.0,0,0,79,79
W1NNR-1612,True,1.0,0,0,79,79
W1NNR-1613,True,1.0,0,0,79,79
W1NNR-1614,True,1.0,0,0,79,79
W1NNR-1617,True,1.0,0,0,79,79
W1NNR-1630,True,1.0,0,0,77,77
W1NNR-1633,True,1.0,0,0,77,77
W1NNR-1634,True,1.0,0,0,77,77
W1NNR-1639,True,1.0,0,0,77,77
W1NNR-1640,True,1.0,0,0,53,53
W1NNR-1641,True,1.0,0,0,77,77
W1NNR-1642,True,1.0,0,0,79,79
W1NNR-1643,True,1.0,0,0,79,79
W1NNR-1644,True,1.0,0,0,79,79
W1NNR-1645,True,1.0,0,0,79,79
W1NNR-1646,True,1.0,0,0,79,79
W1NNR-1647,True,1.0,0,0,79,79
W1NNR-1648,True,1.0,0,0,79,79
W1NNR-1649,True,1.0,0,0,79,79
W1NNR-1650,True,1.0,0,0,79,79
W1NNR-1651,True,1.0,0,0,79,79
W1NNR-1652,True,1.0,0,0,79,79
W1NNR-1653,True,1.0,0,0,77,77
W1NNR-1654,True,1.0,0,0,77,77
W1NNR-1655,True,1.0,0,0,77,77
W1NNR-1656,True,1.0,0,0,77,77
W1NNR-1657,True,1.0,0,0,77,77
W1NNR-1658,True,1.0,0,0,77,77
W1NNR-1659,True,1.0,0,0,77,77
W1NNR-1660,True,1.0,0,0,77,77
W1NNR-1661,True,1.0,0,0,77,77
W1NNR-1662,True,1.0,0,0,77,77
W1NNR-1663,True,1.0,0,0,77,77
W1NNR-1664,True,1.0,0,0,79,79
W1NNR-1665,True,1.0,0,0,79,79
W1NNR-1666,True,1.0,0,0,79,79
W1NNR-1667,True,1.0,0,0,79,79
W1NNR-1668,True,1.0,0,0,79,79
W1NNR-1669,True,1.0,0,0,79,79
W1NNR-1670,True,1.0,0,0,79,79
W1NNR-1671,True,1.0,0,0,79,79
W1NNR-1672,True,1.0,0,0,79,79
W1NNR-1673,True,1.0,0,0,79,79
W1NNR-1674,True,1.0,0,0,79,79
W1NNR-1675,True,1.0,0,0,77,77
W1NNR-1676,True,1.0,0,0,77,77
W1NNR-168,True,1.0,0,0,41,41
W1NNR-1684,True,1.0,0,0,79,79
W1NNR-1685,True,1.0,0,0,79,79
W1NNR-1689,True,1.0,0,0,80,80
W1NNR-1693,True,1.0,0,0,82,82
W1NNR-1697,True,1.0,0,0,78,78
W1NNR-1698,True,1.0,0,0,78,78
W1NNR-1703,True,1.0,0,0,79,79
W1NNR-1707,True,1.0,0,0,77,77
W1NNR-1714,True,1.0,0,0,79,79
W1NNR-1715,True,1.0,0,0,79,79
W1NNR-1716,True,1.0,0,0,55,55
W1NNR-1717,True,1.0,0,0,53,53
W1NNR-1718,True,1.0,0,0,79,79
W1NNR-1719,True,1.0,0,0,55,55
W1NNR-1720,True,1.0,0,0,79,79
W1NNR-1721,True,1.0,0,0,79,79
W1NNR-1722,True,1.0,0,0,53,53
W1NNR-1723,True,1.0,0,0,79,79
W1NNR-1724,True,1.0,0,0,79,79
W1NNR-1725,True,1.0,0,0,79,79
W1NNR-1727,True,1.0,0,0,79,79
W1NNR-1728,True,1.0,0,0,79,79
W1NNR-1729,True,1.0,0,0,69,69
W1NNR-173,True,1.0,0,0,30,30
W1NNR-1730,True,1.0,0,0,79,79
W1NNR-1738,True,1.0,0,0,77,77
W1NNR-174,True,1.0,0,0,30,30
W1NNR-1740,True,1.0,0,0,77,77
W1NNR-1743,True,1.0,0,0,77,77
W1NNR-1745,True,1.0,0,0,82,82
W1NNR-1749,True,1.0,0,0,79,79
W1NNR-175,True,1.0,0,0,30,30
W1NNR-1750,True,1.0,0,0,79,79
W1NNR-1751,True,1.0,0,0,79,79
W1NNR-1753,True,1.0,0,0,79,79
W1NNR-1754,True,1.0,0,0,79,79
W1NNR-1755,True,1.0,0,0,79,79
W1NNR-1756,True,1.0,0,0,79,79
W1NNR-1757,True,1.0,0,0,79,79
W1NNR-1759,True,1.0,0,0,79,79
W1NNR-1760,True,1.0,0,0,79,79
W1NNR-1761,True,1.0,0,0,77,77
W1NNR-1764,True,1.0,0,0,82,82
W1NNR-1767,True,1.0,0,0,79,79
W1NNR-1768,True,1.0,0,0,53,53
W1NNR-177,True,1.0,0,0,30,30
W1NNR-1771,True,1.0,0,0,79,79
W1NNR-1777,True,1.0,0,0,82,82
W1NNR-1778,True,1.0,0,0,79,79
W1NNR-178,True,1.0,0,0,23,23
W1NNR-1783,True,1.0,0,0,79,79
W1NNR-1784,True,1.0,0,0,79,79
W1NNR-1785,True,1.0,0,0,79,79
W1NNR-1787,True,1.0,0,0,82,82
W1NNR-1790,True,1.0,0,0,79,79
W1NNR-1791,True,1.0,0,0,79,79
W1NNR-1794,True,1.0,0,0,79,79
W1NNR-1796,True,1.0,0,0,79,79
W1NNR-1797,True,1.0,0,0,53,53
W1NNR-1802,True,1.0,0,0,79,79
W1NNR-1803,True,1.0,0,0,53,53
W1NNR-1804,True,1.0,0,0,55,55
W1NNR-1805,True,1.0,0,0,79,79
W1NNR-1806,True,1.0,0,0,79,79
W1NNR-1807,True,1.0,0,0,79,79
W1NNR-1808,True,1.0,0,0,79,79
W1NNR-1809,True,1.0,0,0,79,79
W1NNR-1814,True,1.0,0,0,79,79
W1NNR-1819,True,1.0,0,0,82,82
W1NNR-1823,True,1.0,0,0,79,79
W1NNR-1824,True,1.0,0,0,79,79
W1NNR-1826,True,1.0,0,0,79,79
W1NNR-1834,True,1.0,0,0,79,79
W1NNR-1836,True,1.0,0,0,79,79
W1NNR-1839,True,1.0,0,0,79,79
W1NNR-1840,True,1.0,0,0,79,79
W1NNR-1844,True,1.0,0,0,79,79
W1NNR-1850,True,1.0,0,0,79,79
W1NNR-1851,True,1.0,0,0,79,79
W1NNR-1855,True,1.0,0,0,53,53
W1NNR-1857,True,1.0,0,0,79,79
W1NNR-1860,True,1.0,0,0,79,79
W1NNR-1861,True,1.0,0,0,79,79
W1NNR-1863,True,1.0,0,0,79,79
W1NNR-1864,True,1.0,0,0,79,79
W1NNR-1865,True,1.0,0,0,79,79
W1NNR-1867,True,1.0,0,0,79,79
W1NNR-1869,True,1.0,0,0,79,79
W1NNR-1870,True,1.0,0,0,79,79
W1NNR-1871,True,1.0,0,0,79,79
W1NNR-1872,True,1.0,0,0,79,79
W1NNR-1873,True,1.0,0,0,79,79
W1NNR-1874,True,1.0,0,0,79,79
W1NNR-1875,True,1.0,0,0,79,79
W1NNR-1876,True,1.0,0,0,79,79
W1NNR-1878,True,1.0,0,0,79,79
W1NNR-1880,True,1.0,0,0,82,82
W1NNR-1881,True,1.0,0,0,79,79
W1NNR-1882,True,1.0,0,0,79,79
W1NNR-1885,True,1.0,0,0,79,79
W1NNR-1886,True,1.0,0,0,79,79
W1NNR-1888,True,1.0,0,0,79,79
W1NNR-1889,True,1.0,0,0,79,79
W1NNR-1890,True,1.0,0,0,79,79
W1NNR-1891,True,1.0,0,0,79,79
W1NNR-1892,True,1.0,0,0,79,79
W1NNR-1893,True,1.0,0,0,79,79
W1NNR-1894,True,1.0,0,0,79,79
W1NNR-1895,True,1.0,0,0,79,79
W1NNR-1896,True,1.0,0,0,79,79
W1NNR-1897,True,1.0,0,0,79,79
W1NNR-1898,True,1.0,0,0,79,79
W1NNR-1899,True,1.0,0,0,79,79
W1NNR-1900,True,1.0,0,0,79,79
W1NNR-1901,True,1.0,0,0,75,75
W1NNR-1905,True,1.0,0,0,79,79
W1NNR-1907,True,1.0,0,0,79,79
W1NNR-1922,True,1.0,0,0,79,79
W1NNR-1924,True,1.0,0,0,73,73
W1NNR-1925,True,1.0,0,0,73,73
W1NNR-1926,True,1.0,0,0,73,73
W1NNR-1927,True,1.0,0,0,73,73
W1NNR-1933,True,1.0,0,0,79,79
W1NNR-1934,True,1.0,0,0,79,79
W1NNR-1935,True,1.0,0,0,79,79
W1NNR-1936,True,1.0,0,0,73,73
W1NNR-1937,True,1.0,0,0,66,66
W1NNR-1938,True,1.0,0,0,79,79
W1NNR-1939,True,1.0,0,0,79,79
W1NNR-1940,True,1.0,0,0,79,79
W1NNR-1956,True,1.0,0,0,79,79
W1NNR-1957,True,1.0,0,0,79,79
W1NNR-1958,True,1.0,0,0,79,79
W1NNR-1959,True,1.0,0,0,79,79
W1NNR-1960,True,1.0,0,0,79,79
W1NNR-1961,True,1.0,0,0,79,79
W1NNR-1962,True,1.0,0,0,79,79
W1NNR-1963,True,1.0,0,0,79,79
W1NNR-1964,True,1.0,0,0,79,79
W1NNR-1965,True,1.0,0,0,79,79
W1NNR-1966,True,1.0,0,0,79,79
W1NNR-1968,True,1.0,0,0,79,79
W1NNR-1972,True,1.0,0,0,79,79
W1NNR-1974,True,1.0,0,0,79,79
W1NNR-1975,True,1.0,0,0,79,79
W1NNR-1976,True,1.0,0,0,79,79
W1NNR-1979,True,1.0,0,0,79,79
W1NNR-1980,True,1.0,0,0,79,79
W1NNR-1981,True,1.0,0,0,79,79
W1NNR-1982,True,1.0,0,0,79,79
W1NNR-1986,True,1.0,0,0,79,79
W1NNR-1990,True,1.0,0,0,53,53
W1NNR-1991,True,1.0,0,0,79,79
W1NNR-1992,True,1.0,0,0,79,79
W1NNR-2,True,1.0,0,0,63,63
W1NNR-20,True,1.0,0,0,55,55
W1NNR-2003,True,1.0,0,0,79,79
W1NNR-2005,True,1.0,0,0,79,79
W1NNR-2006,True,1.0,0,0,72,72
W1NNR-2007,True,1.0,0,0,66,66
W1NNR-2008,True,1.0,0,0,76,76
W1NNR-2009,True,1.0,0,0,66,66
W1NNR-201,True,1.0,0,0,74,74
W1NNR-2010,True,1.0,0,0,66,66
W1NNR-2011,True,1.0,0,0,79,79
W1NNR-2012,True,1.0,0,0,66,66
W1NNR-2016,True,1.0,0,0,68,68
W1NNR-2027,True,1.0,0,0,66,66
W1NNR-2028,True,1.0,0,0,66,66
W1NNR-2029,True,1.0,0,0,60,60
W1NNR-2030,True,1.0,0,0,79,79
W1NNR-2033,True,1.0,0,0,79,79
W1NNR-2036,True,1.0,0,0,78,78
W1NNR-2037,True,1.0,0,0,78,78
W1NNR-2038,True,1.0,0,0,76,76
W1NNR-2039,True,1.0,0,0,78,78
W1NNR-2040,True,1.0,0,0,70,70
W1NNR-2042,True,1.0,0,0,68,68
W1NNR-2044,True,1.0,0,0,68,68
W1NNR-2045,True,1.0,0,0,62,62
W1NNR-2046,True,1.0,0,0,50,50
W1NNR-2047,True,1.0,0,0,56,56
W1NNR-2048,True,1.0,0,0,67,67
W1NNR-2049,True,1.0,0,0,56,56
W1NNR-2050,True,1.0,0,0,66,66
W1NNR-2051,True,1.0,0,0,50,50
W1NNR-2052,True,1.0,0,0,58,58
W1NNR-2057,True,1.0,0,0,58,58
W1NNR-2079,True,1.0,0,0,79,79
W1NNR-2082,True,1.0,0,0,79,79
W1NNR-2083,True,1.0,0,0,79,79
W1NNR-2084,True,1.0,0,0,79,79
W1NNR-2085,True,1.0,0,0,79,79
W1NNR-2098,True,1.0,0,0,79,79
W1NNR-2099,True,1.0,0,0,79,79
W1NNR-21,True,1.0,0,0,59,59
W1NNR-2104,True,1.0,0,0,101,101
W1NNR-2110,True,1.0,0,0,77,77
W1NNR-2111,True,1.0,0,0,66,66
W1NNR-2112,True,1.0,0,0,66,66
W1NNR-2116,True,1.0,0,0,71,71
W1NNR-2120,True,1.0,0,0,53,53
W1NNR-2124,True,1.0,0,0,68,68
W1NNR-2136,True,1.0,0,0,76,76
W1NNR-2144,True,1.0,0,0,95,95
W1NNR-2147,True,1.0,0,0,68,68
W1NNR-2157,True,1.0,0,0,68,68
W1NNR-2161,True,1.0,0,0,68,68
W1NNR-2162,True,1.0,0,0,77,77
W1NNR-217,True,1.0,0,0,70,70
W1NNR-2172,True,1.0,0,0,68,68
W1NNR-2173,True,1.0,0,0,68,68
W1NNR-2174,True,1.0,0,0,66,66
W1NNR-2181,True,1.0,0,0,60,60
W1NNR-2182,True,1.0,0,0,60,60
W1NNR-2183,True,1.0,0,0,60,60
W1NNR-2186,True,1.0,0,0,68,68
W1NNR-2188,True,1.0,0,0,77,77
W1NNR-2192,True,1.0,0,0,60,60
W1NNR-2199,True,1.0,0,0,76,76
W1NNR-22,True,1.0,0,0,58,58
W1NNR-220,True,1.0,0,0,74,74
W1NNR-2200,True,1.0,0,0,60,60
W1NNR-2201,True,1.0,0,0,64,64
W1NNR-2205,True,1.0,0,0,16,16
W1NNR-2206,True,1.0,0,0,56,56
W1NNR-2207,True,1.0,0,0,56,56
W1NNR-2208,True,1.0,0,0,68,68
W1NNR-2212,True,1.0,0,0,68,68
W1NNR-2213,True,1.0,0,0,60,60
W1NNR-2214,True,1.0,0,0,68,68
W1NNR-2216,True,1.0,0,0,63,63
W1NNR-2217,True,1.0,0,0,60,60
W1NNR-2218,True,1.0,0,0,58,58
W1NNR-2219,True,1.0,0,0,76,76
W1NNR-2220,True,1.0,0,0,52,52
W1NNR-2222,True,1.0,0,0,68,68
W1NNR-2223,True,1.0,0,0,52,52
W1NNR-2226,True,1.0,0,0,59,59
W1NNR-2227,True,1.0,0,0,60,60
W1NNR-2234,True,1.0,0,0,68,68
W1NNR-2240,True,1.0,0,0,59,59
W1NNR-2247,True,1.0,0,0,68,68
W1NNR-2248,True,1.0,0,0,68,68
W1NNR-2249,True,1.0,0,0,58,58
W1NNR-225,True,1.0,0,0,30,30
W1NNR-2250,True,1.0,0,0,16,16
W1NNR-2251,True,1.0,0,0,16,16
W1NNR-2252,True,1.0,0,0,16,16
W1NNR-2253,True,1.0,0,0,68,68
W1NNR-2255,True,1.0,0,0,4,4
W1NNR-2257,True,1.0,0,0,64,64
W1NNR-2258,True,1.0,0,0,75,75
W1NNR-2259,True,1.0,0,0,68,68
W1NNR-226,True,1.0,0,0,30,30
W1NNR-2260,True,1.0,0,0,11,11
W1NNR-2262,True,1.0,0,0,52,52
W1NNR-227,True,1.0,0,0,44,44
W1NNR-2270,True,1.0,0,0,56,56
W1NNR-2271,True,1.0,0,0,11,11
W1NNR-228,True,1.0,0,0,48,48
W1NNR-23,True,1.0,0,0,57,57
W1NNR-230,True,1.0,0,0,46,46
W1NNR-231,True,1.0,0,0,42,42
W1NNR-232,True,1.0,0,0,42,42
W1NNR-233,True,1.0,0,0,42,42
W1NNR-234,True,1.0,0,0,42,42
W1NNR-236,True,1.0,0,0,44,44
W1NNR-237,True,1.0,0,0,44,44
W1NNR-238,True,1.0,0,0,44,44
W1NNR-239,True,1.0,0,0,44,44
W1NNR-24,True,1.0,0,0,55,55
W1NNR-240,True,1.0,0,0,44,44
W1NNR-242,True,1.0,0,0,74,74
W1NNR-243,True,1.0,0,0,74,74
W1NNR-244,True,1.0,0,0,74,74
W1NNR-25,True,1.0,0,0,57,57
W1NNR-251,True,1.0,0,0,80,80
W1NNR-252,True,1.0,0,0,74,74
W1NNR-253,True,1.0,0,0,80,80
W1NNR-255,True,1.0,0,0,45,45
W1NNR-258,True,1.0,0,0,74,74
W1NNR-26,True,1.0,0,0,57,57
W1NNR-262,True,1.0,0,0,76,76
W1NNR-265,True,1.0,0,0,80,80
W1NNR-27,True,1.0,0,0,57,57
W1NNR-28,True,1.0,0,0,16,16
W1NNR-29,True,1.0,0,0,51,51
W1NNR-30,True,1.0,0,0,51,51
W1NNR-305,True,1.0,0,0,53,53
W1NNR-307,True,1.0,0,0,16,16
W1NNR-31,True,1.0,0,0,35,35
W1NNR-310,True,1.0,0,0,76,76
W1NNR-318,True,1.0,0,0,80,80
W1NNR-33,True,1.0,0,0,51,51
W1NNR-331,True,1.0,0,0,80,80
W1NNR-35,True,1.0,0,0,59,59
W1NNR-353,True,1.0,0,0,76,76
W1NNR-358,True,1.0,0,0,76,76
W1NNR-36,True,1.0,0,0,57,57
W1NNR-361,True,1.0,0,0,80,80
W1NNR-37,True,1.0,0,0,57,57
W1NNR-374,True,1.0,0,0,80,80
W1NNR-376,True,1.0,0,0,76,76
W1NNR-378,True,1.0,0,0,80,80
W1NNR-379,True,1.0,0,0,80,80
W1NNR-385,True,1.0,0,0,44,44
W1NNR-386,True,1.0,0,0,44,44
W1NNR-387,True,1.0,0,0,40,40
W1NNR-389,True,1.0,0,0,53,53
W1NNR-39,True,1.0,0,0,57,57
W1NNR-391,True,1.0,0,0,53,53
W1NNR-392,True,1.0,0,0,53,53
W1NNR-393,True,1.0,0,0,53,53
W1NNR-396,True,1.0,0,0,40,40
W1NNR-4,True,1.0,0,0,86,86
W1NNR-40,True,1.0,0,0,53,53
W1NNR-400,True,1.0,0,0,76,76
W1NNR-406,True,1.0,0,0,56,56
W1NNR-407,True,1.0,0,0,56,56
W1NNR-408,True,1.0,0,0,56,56
W1NNR-409,True,1.0,0,0,56,56
W1NNR-41,True,1.0,0,0,59,59
W1NNR-410,True,1.0,0,0,56,56
W1NNR-411,True,1.0,0,0,56,56
W1NNR-412,True,1.0,0,0,56,56
W1NNR-413,True,1.0,0,0,56,56
W1NNR-414,True,1.0,0,0,56,56
W1NNR-415,True,1.0,0,0,56,56
W1NNR-416,True,1.0,0,0,56,56
W1NNR-417,True,1.0,0,0,56,56
W1NNR-418,True,1.0,0,0,56,56
W1NNR-419,True,1.0,0,0,56,56
W1NNR-42,True,1.0,0,0,57,57
W1NNR-420,True,1.0,0,0,56,56
W1NNR-421,True,1.0,0,0,56,56
W1NNR-422,True,1.0,0,0,58,58
W1NNR-423,True,1.0,0,0,56,56
W1NNR-424,True,1.0,0,0,56,56
W1NNR-425,True,1.0,0,0,56,56
W1NNR-426,True,1.0,0,0,56,56
W1NNR-427,True,1.0,0,0,56,56
W1NNR-428,True,1.0,0,0,56,56
W1NNR-429,True,1.0,0,0,56,56
W1NNR-43,True,1.0,0,0,51,51
W1NNR-430,True,1.0,0,0,56,56
W1NNR-431,True,1.0,0,0,56,56
W1NNR-432,True,1.0,0,0,56,56
W1NNR-437,True,1.0,0,0,56,56
W1NNR-438,True,1.0,0,0,56,56
W1NNR-439,True,1.0,0,0,56,56
W1NNR-440,True,1.0,0,0,56,56
W1NNR-441,True,1.0,0,0,56,56
W1NNR-442,True,1.0,0,0,56,56
W1NNR-443,True,1.0,0,0,74,74
W1NNR-444,True,1.0,0,0,74,74
W1NNR-445,True,1.0,0,0,74,74
W1NNR-446,True,1.0,0,0,74,74
W1NNR-449,True,1.0,0,0,78,78
W1NNR-45,True,1.0,0,0,55,55
W1NNR-450,True,1.0,0,0,80,80
W1NNR-46,True,1.0,0,0,51,51
W1NNR-466,True,1.0,0,0,76,76
W1NNR-47,True,1.0,0,0,51,51
W1NNR-471,True,1.0,0,0,48,48
W1NNR-472,True,1.0,0,0,48,48
W1NNR-473,True,1.0,0,0,48,48
W1NNR-474,True,1.0,0,0,48,48
W1NNR-475,True,1.0,0,0,48,48
W1NNR-476,True,1.0,0,0,48,48
W1NNR-477,True,1.0,0,0,48,48
W1NNR-478,True,1.0,0,0,48,48
W1NNR-479,True,1.0,0,0,48,48
W1NNR-48,True,1.0,0,0,59,59
W1NNR-480,True,1.0,0,0,48,48
W1NNR-481,True,1.0,0,0,55,55
W1NNR-482,True,1.0,0,0,48,48
W1NNR-483,True,1.0,0,0,37,37
W1NNR-484,True,1.0,0,0,76,76
W1NNR-485,True,1.0,0,0,76,76
W1NNR-486,True,1.0,0,0,72,72
W1NNR-487,True,1.0,0,0,72,72
W1NNR-488,True,1.0,0,0,53,53
W1NNR-489,True,1.0,0,0,53,53
W1NNR-49,True,1.0,0,0,59,59
W1NNR-490,True,1.0,0,0,53,53
W1NNR-491,True,1.0,0,0,53,53
W1NNR-492,True,1.0,0,0,72,72
W1NNR-493,True,1.0,0,0,72,72
W1NNR-494,True,1.0,0,0,53,53
W1NNR-495,True,1.0,0,0,72,72
W1NNR-496,True,1.0,0,0,70,70
W1NNR-5,True,1.0,0,0,72,72
W1NNR-50,True,1.0,0,0,59,59
W1NNR-500,True,1.0,0,0,80,80
W1NNR-502,True,1.0,0,0,80,80
W1NNR-503,True,1.0,0,0,80,80
W1NNR-505,True,1.0,0,0,80,80
W1NNR-506,True,1.0,0,0,100,100
W1NNR-507,True,1.0,0,0,100,100
W1NNR-508,True,1.0,0,0,100,100
W1NNR-51,True,1.0,0,0,53,53
W1NNR-510,True,1.0,0,0,78,78
W1NNR-511,True,1.0,0,0,80,80
W1NNR-513,True,1.0,0,0,80,80
W1NNR-515,True,1.0,0,0,80,80
W1NNR-523,True,1.0,0,0,74,74
W1NNR-524,True,1.0,0,0,82,82
W1NNR-525,True,1.0,0,0,72,72
W1NNR-532,True,1.0,0,0,77,77
W1NNR-533,True,1.0,0,0,77,77
W1NNR-534,True,1.0,0,0,77,77
W1NNR-54,True,1.0,0,0,53,53
W1NNR-55,True,1.0,0,0,53,53
W1NNR-56,True,1.0,0,0,58,58
W1NNR-567,True,1.0,0,0,78,78
W1NNR-568,True,1.0,0,0,74,74
W1NNR-569,True,1.0,0,0,74,74
W1NNR-57,True,1.0,0,0,55,55
W1NNR-570,True,1.0,0,0,74,74
W1NNR-571,True,1.0,0,0,74,74
W1NNR-572,True,1.0,0,0,74,74
W1NNR-573,True,1.0,0,0,74,74
W1NNR-574,True,1.0,0,0,80,80
W1NNR-575,True,1.0,0,0,78,78
W1NNR-576,True,1.0,0,0,76,76
W1NNR-577,True,1.0,0,0,76,76
W1NNR-578,True,1.0,0,0,76,76
W1NNR-579,True,1.0,0,0,76,76
W1NNR-58,True,1.0,0,0,59,59
W1NNR-580,True,1.0,0,0,76,76
W1NNR-581,True,1.0,0,0,76,76
W1NNR-582,True,1.0,0,0,76,76
W1NNR-583,True,1.0,0,0,76,76
W1NNR-584,True,1.0,0,0,76,76
W1NNR-585,True,1.0,0,0,76,76
W1NNR-586,True,1.0,0,0,76,76
W1NNR-587,True,1.0,0,0,76,76
W1NNR-588,True,1.0,0,0,76,76
W1NNR-589,True,1.0,0,0,76,76
W1NNR-59,True,1.0,0,0,59,59
W1NNR-590,True,1.0,0,0,76,76
W1NNR-591,True,1.0,0,0,76,76
W1NNR-592,True,1.0,0,0,76,76
W1NNR-593,True,1.0,0,0,76,76
W1NNR-594,True,1.0,0,0,76,76
W1NNR-595,True,1.0,0,0,74,74
W1NNR-596,True,1.0,0,0,76,76
W1NNR-597,True,1.0,0,0,74,74
W1NNR-598,True,1.0,0,0,74,74
W1NNR-599,True,1.0,0,0,78,78
W1NNR-6,True,1.0,0,0,74,74
W1NNR-60,True,1.0,0,0,59,59
W1NNR-600,True,1.0,0,0,74,74
W1NNR-601,True,1.0,0,0,74,74
W1NNR-602,True,1.0,0,0,74,74
W1NNR-603,True,1.0,0,0,74,74
W1NNR-604,True,1.0,0,0,74,74
W1NNR-605,True,1.0,0,0,76,76
W1NNR-606,True,1.0,0,0,74,74
W1NNR-61,True,1.0,0,0,55,55
W1NNR-610,True,1.0,0,0,68,68
W1NNR-611,True,1.0,0,0,74,74
W1NNR-612,True,1.0,0,0,74,74
W1NNR-613,True,1.0,0,0,54,54
W1NNR-614,True,1.0,0,0,54,54
W1NNR-615,True,1.0,0,0,54,54
W1NNR-616,True,1.0,0,0,54,54
W1NNR-617,True,1.0,0,0,79,79
W1NNR-618,True,1.0,0,0,54,54
W1NNR-619,True,1.0,0,0,54,54
W1NNR-620,True,1.0,0,0,78,78
W1NNR-621,True,1.0,0,0,74,74
W1NNR-622,True,1.0,0,0,74,74
W1NNR-623,True,1.0,0,0,74,74
W1NNR-624,True,1.0,0,0,82,82
W1NNR-625,True,1.0,0,0,79,79
W1NNR-626,True,1.0,0,0,74,74
W1NNR-627,True,1.0,0,0,82,82
W1NNR-628,True,1.0,0,0,82,82
W1NNR-629,True,1.0,0,0,82,82
W1NNR-63,True,1.0,0,0,59,59
W1NNR-630,True,1.0,0,0,80,80
W1NNR-631,True,1.0,0,0,74,74
W1NNR-632,True,1.0,0,0,74,74
W1NNR-633,True,1.0,0,0,74,74
W1NNR-634,True,1.0,0,0,53,53
W1NNR-635,True,1.0,0,0,79,79
W1NNR-636,True,1.0,0,0,53,53
W1NNR-641,True,1.0,0,0,80,80
W1NNR-642,True,1.0,0,0,80,80
W1NNR-649,True,1.0,0,0,72,72
W1NNR-65,True,1.0,0,0,61,61
W1NNR-651,True,1.0,0,0,80,80
W1NNR-655,True,1.0,0,0,72,72
W1NNR-658,True,1.0,0,0,80,80
W1NNR-66,True,1.0,0,0,59,59
W1NNR-664,True,1.0,0,0,102,102
W1NNR-665,True,1.0,0,0,96,96
W1NNR-672,True,1.0,0,0,74,74
W1NNR-680,True,1.0,0,0,76,76
W1NNR-686,True,1.0,0,0,74,74
W1NNR-687,True,1.0,0,0,74,74
W1NNR-691,True,1.0,0,0,16,16
W1NNR-694,True,1.0,0,0,82,82
W1NNR-695,True,1.0,0,0,82,82
W1NNR-696,True,1.0,0,0,82,82
W1NNR-698,True,1.0,0,0,82,82
W1NNR-699,True,1.0,0,0,74,74
W1NNR-7,True,1.0,0,0,82,82
W1NNR-702,True,1.0,0,0,74,74
W1NNR-704,True,1.0,0,0,74,74
W1NNR-711,True,1.0,0,0,44,44
W1NNR-712,True,1.0,0,0,44,44
W1NNR-713,True,1.0,0,0,76,76
W1NNR-714,True,1.0,0,0,44,44
W1NNR-715,True,1.0,0,0,78,78
W1NNR-716,True,1.0,0,0,76,76
W1NNR-717,True,1.0,0,0,76,76
W1NNR-720,True,1.0,0,0,78,78
W1NNR-723,True,1.0,0,0,96,96
W1NNR-725,True,1.0,0,0,82,82
W1NNR-73,True,1.0,0,0,44,44
W1NNR-730,True,1.0,0,0,40,40
W1NNR-747,True,1.0,0,0,74,74
W1NNR-748,True,1.0,0,0,82,82
W1NNR-749,True,1.0,0,0,72,72
W1NNR-75,True,1.0,0,0,74,74
W1NNR-76,True,1.0,0,0,44,44
W1NNR-760,True,1.0,0,0,55,55
W1NNR-762,True,1.0,0,0,80,80
W1NNR-763,True,1.0,0,0,77,77
W1NNR-766,True,1.0,0,0,56,56
W1NNR-768,True,1.0,0,0,55,55
W1NNR-77,True,1.0,0,0,70,70
W1NNR-771,True,1.0,0,0,79,79
W1NNR-773,True,1.0,0,0,82,82
W1NNR-778,True,1.0,0,0,80,80
W1NNR-779,True,1.0,0,0,82,82
W1NNR-783,True,1.0,0,0,82,82
W1NNR-786,True,1.0,0,0,86,86
W1NNR-80,True,1.0,0,0,44,44
W1NNR-800,True,1.0,0,0,79,79
W1NNR-802,True,1.0,0,0,74,74
W1NNR-803,True,1.0,0,0,88,88
W1NNR-821,True,1.0,0,0,82,82
W1NNR-824,True,1.0,0,0,77,77
W1NNR-825,True,1.0,0,0,84,84
W1NNR-826,True,1.0,0,0,77,77
W1NNR-827,True,1.0,0,0,78,78
W1NNR-829,True,1.0,0,0,76,76
W1NNR-830,True,1.0,0,0,82,82
W1NNR-833,True,1.0,0,0,82,82
W1NNR-834,True,1.0,0,0,80,80
W1NNR-835,True,1.0,0,0,78,78
W1NNR-841,True,1.0,0,0,85,85
W1NNR-842,True,1.0,0,0,82,82
W1NNR-843,True,1.0,0,0,77,77
W1NNR-844,True,1.0,0,0,77,77
W1NNR-845,True,1.0,0,0,77,77
W1NNR-846,True,1.0,0,0,75,75
W1NNR-847,True,1.0,0,0,79,79
W1NNR-848,True,1.0,0,0,79,79
W1NNR-849,True,1.0,0,0,77,77
W1NNR-850,True,1.0,0,0,79,79
W1NNR-851,True,1.0,0,0,75,75
W1NNR-852,True,1.0,0,0,77,77
W1NNR-853,True,1.0,0,0,80,80
W1NNR-855,True,1.0,0,0,86,86
W1NNR-858,True,1.0,0,0,76,76
W1NNR-859,True,1.0,0,0,75,75
W1NNR-860,True,1.0,0,0,77,77
W1NNR-861,True,1.0,0,0,79,79
W1NNR-862,True,1.0,0,0,79,79
W1NNR-863,True,1.0,0,0,79,79
W1NNR-866,True,1.0,0,0,58,58
W1NNR-867,True,1.0,0,0,81,81
W1NNR-869,True,1.0,0,0,81,81
W1NNR-872,True,1.0,0,0,56,56
W1NNR-873,True,1.0,0,0,56,56
W1NNR-874,True,1.0,0,0,79,79
W1NNR-875,True,1.0,0,0,56,56
W1NNR-876,True,1.0,0,0,56,56
W1NNR-877,True,1.0,0,0,79,79
W1NNR-878,True,1.0,0,0,79,79
W1NNR-879,True,1.0,0,0,79,79
W1NNR-880,True,1.0,0,0,56,56
W1NNR-881,True,1.0,0,0,79,79
W1NNR-882,True,1.0,0,0,79,79
W1NNR-883,True,1.0,0,0,79,79
W1NNR-884,True,1.0,0,0,80,80
W1NNR-885,True,1.0,0,0,86,86
W1NNR-886,True,1.0,0,0,80,80
W1NNR-887,True,1.0,0,0,53,53
W1NNR-895,True,1.0,0,0,82,82
W1NNR-897,True,1.0,0,0,75,75
W1NNR-902,True,1.0,0,0,79,79
W1NNR-903,True,1.0,0,0,79,79
W1NNR-904,True,1.0,0,0,79,79
W1NNR-905,True,1.0,0,0,79,79
W1NNR-906,True,1.0,0,0,53,53
W1NNR-907,True,1.0,0,0,79,79
W1NNR-908,True,1.0,0,0,79,79
W1NNR-909,True,1.0,0,0,79,79
W1NNR-910,True,1.0,0,0,79,79
W1NNR-911,True,1.0,0,0,79,79
W1NNR-912,True,1.0,0,0,79,79
W1NNR-913,True,1.0,0,0,79,79
W1NNR-914,True,1.0,0,0,79,79
W1NNR-917,True,1.0,0,0,102,102
W1NNR-918,True,1.0,0,0,90,90
W1NNR-921,True,1.0,0,0,96,96
W1NNR-922,True,1.0,0,0,69,69
W1NNR-923,True,1.0,0,0,23,23
W1NNR-928,True,1.0,0,0,79,79
W1NNR-929,True,1.0,0,0,79,79
W1NNR-930,True,1.0,0,0,79,79
W1NNR-931,True,1.0,0,0,79,79
W1NNR-932,True,1.0,0,0,79,79
W1NNR-933,True,1.0,0,0,79,79
W1NNR-934,True,1.0,0,0,79,79
W1NNR-935,True,1.0,0,0,79,79
W1NNR-936,True,1.0,0,0,79,79
W1NNR-937,True,1.0,0,0,79,79
W1NNR-938,True,1.0,0,0,79,79
W1NNR-939,True,1.0,0,0,79,79
W1NNR-940,True,1.0,0,0,79,79
W1NNR-941,True,1.0,0,0,79,79
W1NNR-942,True,1.0,0,0,79,79
W1NNR-943,True,1.0,0,0,79,79
W1NNR-944,True,1.0,0,0,79,79
W1NNR-945,True,1.0,0,0,79,79
W1NNR-946,True,1.0,0,0,79,79
W1NNR-947,True,1.0,0,0,79,79
W1NNR-948,True,1.0,0,0,79,79
W1NNR-949,True,1.0,0,0,79,79
W1NNR-950,True,1.0,0,0,79,79
W1NNR-951,True,1.0,0,0,79,79
W1NNR-952,True,1.0,0,0,79,79
W1NNR-953,True,1.0,0,0,79,79
W1NNR-954,True,1.0,0,0,79,79
W1NNR-955,True,1.0,0,0,79,79
W1NNR-956,True,1.0,0,0,53,53
W1NNR-961,True,1.0,0,0,79,79
W1NNR-962,True,1.0,0,0,79,79
W1NNR-963,True,1.0,0,0,79,79
W1NNR-964,True,1.0,0,0,79,79
W1NNR-965,True,1.0,0,0,79,79
W1NNR-966,True,1.0,0,0,79,79
W1NNR-967,True,1.0,0,0,79,79
W1NNR-968,True,1.0,0,0,79,79
W1NNR-969,True,1.0,0,0,79,79
W1NNR-970,True,1.0,0,0,79,79
W1NNR-971,True,1.0,0,0,79,79
W1NNR-972,True,1.0,0,0,79,79
W1NNR-973,True,1.0,0,0,79,79
W1NNR-974,True,1.0,0,0,79,79
W1NNR-975,True,1.0,0,0,79,79
W1NNR-976,True,1.0,0,0,79,79
W1NNR-977,True,1.0,0,0,79,79
W1NNR-978,True,1.0,0,0,79,79
W1NNR-979,True,1.0,0,0,79,79
W1NNR-980,True,1.0,0,0,79,79
W1NNR-981,True,1.0,0,0,79,79
W1NNR-982,True,1.0,0,0,79,79
W1NNR-984,True,1.0,0,0,79,79
W1NNR-988,True,1.0,0,0,79,79
W1NNR-991,True,1.0,0,0,80,80
W1NNR-992,True,1.0,0,0,79,79
W1NNR-993,True,1.0,0,0,79,79
W1NNR-996,True,1.0,0,0,79,79
W1NNR-998,True,1.0,0,0,79,79
