From,To,Count,PerfSeconds,PerfHours
Backlog,Triagem,10,27724635.481300004,7701.2876336944455
Homolog,Done,1,23573676.358,6548.243432777777
Cancelled,Done,97,13342072.238556702,3706.1311773768616
In Progress,Done,2,12081954.016,3356.098337777778
In Development,Backlog,1,10293851.946,2859.4033183333336
Staging,in analytics,1,8995376.128,2498.7155911111113
To Do,Ready to Analytics,2,7969689.2995,2213.802583194444
To Do,Backlog,5,7951269.0556,2208.6858487777777
Done,Backlog,1,7785043.006,2162.5119461111112
In Development,Ready to Homolog,1,6737375.112,1871.4930866666666
Ready To Staging,Ready to Homologation,6,4795235.084333333,1332.009745648148
Ready to Homologation,Ready to Analytics,3,4775160.568666667,1326.4334912962963
In Progress,Ready for Production,3,3908356.049,1085.6544580555556
Backlog,Cancelled,12,3530034.8825,980.5652451388888
QA Approved Hml,Ready to Analytics,3,3047818.546666667,846.616262962963
Production,in analytics,1,2918862.228,810.7950633333334
In Validation,Ready for Production,2,2594598.335,720.7217597222223
in analytics,Backlog,2,2556669.1055,710.1858626388889
In Progress,In Staging,6,1844414.6958333335,512.3374155092594
Ready To Staging,In Staging,27,1832707.3555185185,509.0853765329218
Ready for Staging,In Progress,1,1622913.41,450.8092805555555
Triagem,Cancelled,38,1277746.7618157894,354.9296560599415
In Progress,Production,5,1198341.636,332.8726766666667
Ready for Production,Staging,1,1166809.955,324.1138763888889
Staging,Homologation,17,1116509.9807058822,310.1416613071895
Ready To Staging,Ready for Production,3,1073527.2156666666,298.2020043518518
Ready to Homolog,READY FOR TESTING/QA,5,959384.7188000001,266.4957552222223
Homologation,QA Approved Hml,27,953099.5265185186,264.74986847736625
Backlog,In Progress,56,921517.2341071429,255.97700947420637
Staging,QA Approved,103,827559.437407767,229.87762150215752
Ready for Staging,Ready for Staging,2,822488.477,228.46902138888888
Staging,Homolog,1,784520.012,217.92222555555554
Production,Done,22,752075.9893181819,208.9099970328283
Homolog,QA Approved Hml,495,738349.9921777778,205.0972200493827
Ready for Staging,Ready To Staging,1,716559.047,199.04417972222222
In Progress,Cancelled,5,692265.4694000001,192.29596372222224
To Do,In Progress,3,676945.1900000001,188.04033055555558
In Progress,Ready To Staging,152,668743.2050394736,185.76200139985377
Triagem,Backlog,6,667235.9518333334,185.3433199537037
Ready to Analytics,in analytics,3,657557.4773333332,182.6548548148148
Ready for Staging,Staging,23,654972.2970434782,181.93674917874395
In Progress,Backlog,3,632102.1746666667,175.5839374074074
Approval,Backlog,7,609402.7972857143,169.27855480158732
In Validation,Tech Review,1,609206.645,169.22406805555556
Ready to Design,Ready to Analytics,1,601695.514,167.13764277777776
Ready to Analytics,Cancelled,2,599855.4155,166.62650430555556
Ready To Staging,Homologation,10,521496.5965,144.86016569444445
Ready To Staging,ready for homolog,12,508962.4064166667,141.37844622685185
In Staging,Prioritized,11,506373.37154545455,140.65926987373737
Ready To Staging,Done,10,458139.4449,127.26095691666667
In Progress,Staging,14,440485.54314285715,122.35709531746032
Homolog,Cancelled,2,428281.02349999995,118.96695097222221
QA Approved,Ready for Production,90,427272.28809999995,118.68674669444442
in analytics,Triagem,1,423353.933,117.59831472222223
In Staging,Ready for Production,58,419385.2182413793,116.4958939559387
QA Approved Hml,Ready To Staging,527,416952.54575521825,115.82015159867174
Homolog,Staging,2,410462.11600000004,114.01725444444446
Ready to Homolog,Homolog,494,403305.4401234818,112.02928892318938
Done,In Validation,1,395037.444,109.73262333333334
Ready for Production,Production,15,369229.32646666665,102.56370179629629
In Progress,Ready for Staging,26,354068.0468076923,98.35223522435898
In Validation,Done,18,349212.9879444444,97.00360776234567
QA Approved,Done,11,340162.86536363635,94.48968482323232
Tech Review,Done,1,333910.208,92.75283555555555
In Progress,Ready to Homolog,495,330487.57254747476,91.80210348540966
Approval,Staging,1,319572.577,88.77016027777778
READY FOR TESTING/QA,Testing / QA,19,275748.30584210524,76.596751622807
Testing / QA,Ready To Staging,19,271696.6234736842,75.4712842982456
Staging,Done,2,266292.348,73.97009666666666
Approval,Ready to Homolog,3,262748.913,72.98580916666667
In Validation,In Staging,3,225659.6573333333,62.68323814814814
Ready to Analytics,Backlog,5,205637.2784,57.121466222222224
Backlog,Ready to Analytics,1,200907.444,55.80762333333333
In Progess,Ready for code review,32,198117.408375,55.0326134375
Ready for Staging,Production,1,195473.428,54.29817444444445
READY FOR DEVELOPMENT,In Progess,33,183870.81833333333,51.07522731481481
Ready to Analytics,Done,1,183090.815,50.858559722222225
Ready To Staging,Staging,633,181034.26351342813,50.2872954203967
In Backlog,Backlog,1,180842.301,50.2339725
in analytics,Done,3,170904.1416666667,47.47337268518519
In Development,In Staging,15,159668.369,44.35232472222222
in analytics,In Validation,2,154666.0555,42.962793194444444
CODE REVIEW,In Progess,3,147179.16266666667,40.883100740740744
Staging,Ready for Production,45,143797.11815555554,39.94364393209876
In Development,Done,3,136102.88233333334,37.80635620370371
In Development,Staging,67,134984.1352835821,37.49559313432836
In Development,Ready for Production,3,134196.63933333333,37.276844259259256
In Validation,QA Approved Staging,11,130689.00045454544,36.30250012626262
In Staging,Done,2,125402.122,34.83392277777778
Ready for Production,Done,722,121728.53804155125,33.81348278931979
in analytics,In Development,127,121479.10948031496,33.744197077865266
QA Approved Staging,Ready for Production,536,116007.95727238806,32.22443257566335
Staging,In Staging,9,106184.87311111111,29.495798086419754
In Development,In Validation,34,100188.81717647059,27.830226993464052
In Development,In Progress,3,92031.43833333334,25.564288425925927
QA Approved Staging,Done,42,91618.20088095238,25.449500244708997
Staging,QA Approved Staging,563,88373.037660746,24.54806601687389
In Development,Ready for build,1,85086.572,23.63515888888889
Done,QA Approved Staging,2,83357.6345,23.15489847222222
In Development,QA Approved,2,68545.359,19.040377499999998
In Progress,Ready to Analytics,1,68377.873,18.993853611111113
QA Approved,QA Approved Hml,8,67798.8585,18.83301625
CODE REVIEW,READY FOR TESTING/QA,24,63302.00895833334,17.583891377314817
Staging,Production,2,62591.2185,17.386449583333334
Backlog,Ready to Design,1,50691.184,14.080884444444445
in analytics,Ready for Production,1,46444.054,12.90112611111111
In Validation,QA Approved,5,41152.5016,11.431250444444446
In Development,Cancelled,1,36605.789,10.168274722222222
In Development,Homolog,1,22973.717,6.3815880555555555
ready for homolog,Ready To Staging,12,18262.354,5.072876111111111
Ready to Homologation,Homolog,3,16114.220666666666,4.476172407407407
Staging,Cancelled,1,14057.995,3.9049986111111115
Backlog,READY FOR DEVELOPMENT,24,9195.129958333333,2.5542027662037037
Ready for code review,CODE REVIEW,31,8461.571967741935,2.350436657706093
in analytics,Cancelled,1,7532.323,2.0923119444444445
Ready To Staging,Ready To Staging,2,5434.004,1.5094455555555555
In Progress,To Do,1,660.437,0.18345472222222223
Done,Ready for Production,1,471.394,0.13094277777777777
QA Approved,Staging,3,444.46166666666664,0.12346157407407407
Prioritized,Backlog,12,277.68958333333336,0.07713599537037037
Homolog,In Progress,1,222.611,0.061836388888888885
In Progress,In Progress,1,202.84,0.05634444444444445
Backlog,In Staging,11,145.18163636363636,0.04032823232323232
In Validation,in analytics,1,119.01,0.033058333333333335
In Progress,In Backlog,1,102.46,0.02846111111111111
Ready to Analytics,Homolog,2,43.8535,0.012181527777777777
Staging,Ready To Staging,1,38.993,0.010831388888888889
Staging,In Development,1,21.365,0.0059347222222222214
Ready To Staging,In Progress,2,19.292,0.00535888888888889
Cancelled,in analytics,1,18.246,0.005068333333333333
Staging,In Progress,1,16.51,0.004586111111111111
Ready for Production,QA Approved Staging,2,6.851500000000001,0.0019031944444444446
Ready for Production,QA Approved,1,3.56,0.000988888888888889
Backlog,Done,1,3.453,0.0009591666666666667
Ready for build,In Validation,1,3.286,0.0009127777777777778
READY FOR DEVELOPMENT,Backlog,1,2.518,0.0006994444444444444
